Time, Pos.x, Pos.y, Pos.z, Rot.x, Rot.y, Rot.z
0.3533334,11.39,0,0,0,0,0
0.4433128,11.39,0,0,0,0,0
0.4939524,11.39,0,0,0,0,0
0.5461007,11.39,0,0,0,0,0
0.596375,11.39,0,0,0,0,0
0.6472587,11.39,0,0,0,0,0
0.7163413,11.39,0,0,0,0,0
0.7826772,11.39,0,0,0,0,0
1.063488,11.39,0,0,0,0,0
1.114249,11.39,0,0,0,0,0
1.165058,11.39,0,0,0,0,0
1.215927,11.39,0,0,0,0,0
1.266678,11.39,0,0,0,0,0
1.317106,11.39,0,0,0,0,0
1.367761,11.39,0,0,0,0,0
1.417906,11.39,0,0,0,0,0
1.476223,11.39,0,0,0,0,0
1.526413,11.39,0,0,0,0,0
1.576495,11.39,0,0,0,0,0
1.628466,11.39,0,0,0,0,0
1.67929,11.39,0,0,0,0,0
1.730138,11.39,0,0,0,0,0
1.78159,11.39,0,0,0,0,0
1.832784,11.39,0,0,0,0,0
1.88334,11.39,0,0,0,0,0
1.934183,11.39,0,0,0,0,0
2.055929,11.39,0,0,0,0,0
2.108947,11.39,0,0,0,0,0
2.162498,11.39,0,0,0,0,0
2.215784,11.39,0,0,0,0,0
2.266942,11.39,0,0,0,0,0
2.320431,11.39,0,0,0,0,0
2.37178,11.39,0,0,0,0,0
2.422992,11.39,0,0,0,0,0
2.475696,11.39,0,0,0,0,0
2.525762,11.39,0,0,0,0,0
2.579751,11.39,0,0,0,0,0
2.633742,11.39,0,0,0,0,0
2.686491,11.39,0,0,0,0,0
2.737383,11.39,0,0,0,0,0
2.788618,11.39,0,0,0,0,0
2.843441,11.39,0,0,0,0,0
2.895583,11.39,0,0,0,0,0
2.947744,11.39,0,0,0,0,0
2.998641,11.39,0,0,0,0,0
3.051533,11.39,0,0,0,0,0
3.104108,11.39,0,0,0,0,0
3.155227,11.39,0,0,0,0,0
3.209129,11.39,0,0,0,0,0
3.263053,11.39,0,0,0,0,0
3.314797,11.39,0,0,0,0,0
3.368972,11.39,0,0,0,0,0
3.419499,11.39,0,0,0,0,0
3.471151,11.39,0,0,0,0,0
3.527925,11.39,0,0,0,0,0
3.581245,11.39,0,0,0,0,0
3.722,11.39,0,0,0,0,0
4.026205,11.39,0,0,0,0,0
4.076653,11.39,0,0,0,0,0
4.133164,11.39,0,0,0,0,0
4.188121,11.39,0,0,0,0,0
4.246292,11.39,0,0,0,0,0
4.303734,11.39,0,0,0,0,0
4.359566,11.39,0,0,0,0,0
4.415957,11.39,0,0,0,0,0
4.466655,11.39,0,0,0,0,0
4.518722,11.39,0,0,0,0,0
4.571192,11.39,0,0,0,0,0
4.6249,11.39,0,0,0,0,0
4.679398,11.39,0,0,0,0,0
4.731107,11.39,0,0,0,0,0
4.782373,11.39,0,0,0,0,0
4.836252,7.9,0,0,0,0,0
4.892629,3.31,0,0,0,0,0
4.949114,-0.03,0,0,0,0,0
5.004047,-1.66,0,0,0,0,0
5.057104,-3.26,0,0,0,0,0
5.124599,-4.47,0,0,0,0,0
5.178754,-4.93,0,0,0,0,0
5.234827,-5,0,0,0,0,0
5.285895,-4.86,0,0,0,0,0
5.338645,-3.79,0,0,0,0,0
5.38989,2.57,0,0,0,0,0
5.440637,9.04,0,0,0,0,0
5.497377,10.97,0,0,0,0,0
5.550046,11.17,0,0,0,0,0
5.601506,11.21,0,0,0,0,0
5.651521,11.17,0,0,0,0,0
5.703619,10.86,0,0,0,0,0
5.756285,10,0,0,0,0,0
5.828653,8.41,0,0,0,0,0
5.883835,7.42,0,0,0,0,0
5.934709,6.56,0,0,0,0,0
5.987905,6.39,0,0,0,0,0
6.041592,6.24,0,0,0,0,0
6.096351,5.69,0,0,0,0,0
6.148054,5.53,0,0,0,0,0
6.198482,5.53,0,0,0,0,0
6.253293,5.54,0,0,0,0,0
6.306015,5.66,0,0,0,0,0
6.357784,6.11,0,0,0,0,0
6.41341,6.37,0,0,0,0,0
6.466789,6.43,0,0,0,0,0
6.51689,6.43,0,0,0,0,0
6.571941,6.43,0,0,0,0,0
6.625427,6.43,0,0,0,0,0
6.680801,6.43,0,0,0,0,0
6.731564,6.43,0,0,0,0,0
6.782663,6.48,0,0,0,0,0
6.833384,6.53,0,0,0,0,0
6.884236,6.53,0,0,0,0,0
6.936858,6.53,0,0,0,0,0
7.000266,6.59,0,0,0,0,0
7.053656,6.65,0,0,0,0,0
7.107292,7.01,0,0,0,0,0
7.15833,7.84,0,0,0,0,0
7.208497,8.19,0,0,0,0,0
7.261261,8.19,0,0,0,0,0
7.311763,8.19,0,0,0,0,0
7.36535,8.19,0,0,0,0,0
7.419909,8.19,0,0,0,0,0
7.473438,8.19,0,0,0,0,0
7.528173,8.19,0,0,0,0,0
7.583863,8.19,0,0,0,0,0
7.639975,8.19,0,0,0,0,0
7.690161,8.23,0,0,0,0,0
7.749342,8.29,0,0,0,0,0
7.799421,8.29,0,0,0,0,0
7.852049,8.29,0,0,0,0,0
7.907419,8.29,0,0,0,0,0
7.958227,8.08,0,0,0,0,0
8.023452,7.19,0,0,0,0,0
8.079372,4.95,0,0,0,0,0
8.134271,4.3,0,0,0,0,0
8.18869,4.18,0,0,0,0,0
8.24166,4.17,0,0,0,0,0
8.2974,3.54,0,0,0,0,0
8.351791,2.9,0,0,0,0,0
8.408423,2.48,0,0,0,0,0
8.459723,2.13,0,0,0,0,0
8.512811,1.77,0,0,0,0,0
8.564313,1.7,0,0,0,0,0
8.614336,1.7,0,0,0,0,0
8.667125,1.7,0,0,0,0,0
8.717958,1.7,0,0,0,0,0
8.76951,1.64,0,0,0,0,0
8.843814,1.58,0,0,0,0,0
8.894257,1.27,0,0,0,0,0
8.950092,1.03,0,0,0,0,0
9.005149,0.9,0,0,0,0,0
9.060841,0.9,0,0,0,0,0
9.114823,0.9,0,0,0,0,0
9.16912,0.9,0,0,0,0,0
9.22406,0.84,0,0,0,0,0
9.283218,0.82,0,0,0,0,0
9.339431,0.82,0,0,0,0,0
9.389744,0.82,0,0,0,0,0
9.440063,0.82,0,0,0,0,0
9.496553,0.82,0,0,0,0,0
9.547012,0.77,0,0,0,0,0
9.602586,0.71,0,0,0,0,0
9.653285,0.39,0,0,0,0,0
9.717402,-0.27,0,0,0,0,0
9.767752,-0.99,0,0,0,0,0
9.821078,-1.26,0,0,0,0,0
9.871364,-1.48,0,0,0,0,0
9.923006,-1.73,0,0,0,0,0
9.978794,-1.88,0,0,0,0,0
10.03338,-2.01,0,0,0,0,0
10.08397,-2.15,0,0,0,0,0
10.13569,-2.28,0,0,0,0,0
10.18704,-2.41,0,0,0,0,0
10.24767,-2.49,0,0,0,0,0
10.30053,-2.62,0,0,0,0,0
10.35224,-2.75,0,0,0,0,0
10.40674,-2.84,0,0,0,0,0
10.4616,-2.97,0,0,0,0,0
10.51311,-2.97,0,0,0,0,0
10.56451,-2.97,0,0,0,0,0
10.61604,-2.97,0,0,0,0,0
10.66726,-2.97,0,0,0,0,0
10.7179,-2.97,0,0,0,0,0
10.76822,-2.97,0,0,0,0,0
10.82326,-2.97,0,0,0,0,0
10.87509,-2.95,0,0,0,0,0
10.94028,-2.88,0,0,0,0,0
10.99284,-2.48,0,0,0,0,0
11.04777,-2.17,0,0,0,0,0
11.09863,-1.88,0,0,0,0,0
11.15184,-0.47,0,0,0,0,0
11.20581,2.07,0,0,0,0,0
11.26213,3.2,0,0,0,0,0
11.31345,4.04,0,0,0,0,0
11.36801,4.04,0,0,0,0,0
11.41947,4.09,0,0,0,0,0
11.47461,4.09,0,0,0,0,0
11.52499,4.09,0,0,0,0,0
11.57583,4.09,0,0,0,0,0
11.62882,4.09,0,0,0,0,0
11.68087,3.97,0,0,0,0,0
11.75049,3.8,0,0,0,0,0
11.8049,3.67,0,0,0,0,0
11.86697,3.61,0,0,0,0,0
11.91905,3.61,0,0,0,0,0
11.97123,3.61,0,0,0,0,0
12.02299,3.61,0,0,0,0,0
12.07343,3.61,0,0,0,0,0
12.12467,3.61,0,0,0,0,0
12.17485,3.61,0,0,0,0,0
12.22505,3.61,0,0,0,0,0
12.28072,3.61,0,0,0,0,0
12.33127,3.61,0,0,0,0,0
12.38189,3.61,0,0,0,0,0
12.43866,3.61,0,0,0,0,0
12.49509,3.61,0,0,0,0,0
12.5458,3.61,0,0,0,0,0
12.59788,3.61,0,0,0,0,0
12.65063,3.61,0,0,0,0,0
12.71606,3.61,0,0,0,0,0
12.76633,3.61,0,0,0,0,0
12.82238,3.61,0,0,0,0,0
12.87636,3.61,0,0,0,0,0
12.93173,3.61,0,0,0,0,0
12.98226,3.61,0,0,0,0,0
13.03268,3.61,0,0,0,0,0
13.08912,3.61,0,0,0,0,0
13.14044,3.61,0,0,0,0,0
13.19242,3.61,0,0,0,0,0
13.24326,3.61,0,0,0,0,0
13.29666,3.61,0,0,0,0,0
13.35223,3.61,0,0,0,0,0
13.40588,3.61,0,0,0,0,0
13.4616,3.61,0,0,0,0,0
13.51765,3.61,0,0,0,0,0
13.57019,3.61,0,0,0,0,0
13.62242,3.61,0,0,0,0,0
13.68524,3.61,0,0,0,0,0
13.74917,3.61,0,0,0,0,0
13.8003,3.61,0,0,0,0,0
13.85577,3.61,0,0,0,0,0
13.91017,3.61,0,0,0,0,0
13.96153,3.61,0,0,0,0,0
14.01704,3.61,0,0,0,0,0
14.07329,3.61,0,0,0,0,0
14.12903,3.61,0,0,0,0,0
14.18354,3.61,0,0,0,0,0
14.23908,3.61,0,0,0,0,0
14.2963,3.61,0,0,0,0,0
14.34649,3.61,0,0,0,0,0
14.3994,3.61,0,0,0,0,0
14.45259,3.61,0,0,0,0,0
14.50838,3.61,0,0,0,0,0
14.56263,3.61,0,0,0,0,0
14.61288,3.61,0,0,0,0,0
14.66347,3.61,0,0,0,0,0
14.71679,3.61,0,0,0,0,0
14.7681,3.61,0,0,0,0,0
14.82213,3.61,0,0,0,0,0
14.87668,3.61,0,0,0,0,0
14.92681,3.61,0,0,0,0,0
14.97775,3.61,0,0,0,0,0
15.03019,3.61,0,0,0,0,0
15.08069,3.61,0,0,0,0,0
15.13435,3.61,0,0,0,0,0
15.18742,3.61,0,0,0,0,0
15.23858,3.61,0,0,0,0,0
15.29,3.61,0,0,0,0,0
15.34267,3.61,0,0,0,0,0
15.39383,3.61,0,0,0,0,0
15.4468,3.61,0,0,0,0,0
15.49699,3.61,0,0,0,0,0
15.54717,3.61,0,0,0,0,0
15.6006,3.61,0,0,0,0,0
15.6514,3.61,0,0,0,0,0
15.7044,3.61,0,0,0,0,0
15.75671,3.61,0,0,0,0,0
15.81083,3.61,0,0,0,0,0
15.86275,3.61,0,0,0,0,0
15.91363,3.61,0,0,0,0,0
15.9637,3.61,0,0,0,0,0
16.0167,3.61,0,0,0,0,0
16.06719,3.61,0,0,0,0,0
16.11721,3.61,0,0,0,0,0
16.1709,3.61,0,0,0,0,0
16.22108,3.61,0,0,0,0,0
16.27504,3.61,0,0,0,0,0
16.32576,3.61,0,0,0,0,0
16.38,3.61,0,0,0,0,0
16.43376,3.61,0,0,0,0,0
16.48386,3.61,0,0,0,0,0
16.5374,3.61,0,0,0,0,0
16.59028,3.61,0,0,0,0,0
16.64713,3.61,0,0,0,0,0
16.70067,3.61,0,0,0,0,0
16.76187,3.61,0,0,0,0,0
16.81697,3.61,0,0,0,0,0
16.87417,3.61,0,0,0,0,0
16.93121,3.61,0,0,0,0,0
16.98204,3.61,0,0,0,0,0
17.03394,3.61,0,0,0,0,0
17.08994,3.61,0,0,0,0,0
17.14524,3.61,0,0,0,0,0
17.19849,3.61,0,0,0,0,0
17.25079,3.61,0,0,0,0,0
17.30355,3.61,0,0,0,0,0
17.35611,3.61,0,0,0,0,0
17.40838,3.61,0,0,0,0,0
17.45928,3.61,0,0,0,0,0
17.51022,3.61,0,0,0,0,0
17.5616,3.61,0,0,0,0,0
17.61357,3.61,0,0,0,0,0
17.66653,3.61,0,0,0,0,0
17.71987,3.61,0,0,0,0,0
17.77425,3.61,0,0,0,0,0
17.82975,3.61,0,0,0,0,0
17.88677,3.61,0,0,0,0,0
17.9392,3.61,0,0,0,0,0
17.99038,3.61,0,0,0,0,0
18.0407,3.61,0,0,0,0,0
18.09217,3.39,0,0,0,0,0
18.14601,0.97,0,0,0,0,0
18.20098,-1.03,0,0,0,0,0
18.25157,-2.49,0,0,0,0,0
18.30159,-3.47,0,0,0,0,0
18.35707,-4.56,0,0,0,0,0
18.40732,-4.65,0,0,0,0,0
18.46314,-4.65,0,0,0,0,0
18.51562,-4.65,0,0,0,0,0
18.56782,-4.65,0,0,0,0,0
18.62001,-4.65,0,0,0,0,0
18.67147,-4.56,0,0,0,0,0
18.72211,-4.56,0,0,0,0,0
18.77285,-4.56,0,0,0,0,0
18.82506,-4.56,0,0,0,0,0
18.87551,-4.56,0,0,0,0,0
18.92754,-4.56,0,0,0,0,0
18.98312,-4.56,0,0,0,0,0
19.03312,-4.56,0,0,0,0,0
19.09053,-4.56,0,0,0,0,0
19.14537,-4.56,0,0,0,0,0
19.20111,-4.56,0,0,0,0,0
19.25981,-4.56,0,0,0,0,0
19.31148,-4.56,0,0,0,0,0
19.36191,-4.56,0,0,0,0,0
19.41774,-4.56,0,0,0,0,0
19.47375,-4.56,0,0,0,0,0
19.52969,-4.56,0,0,0,0,0
19.58381,-4.56,0,0,0,0,0
19.63893,-4.56,0,0,0,0,0
19.6942,-4.56,0,0,0,0,0
19.74932,-4.56,0,0,0,0,0
19.80463,-4.56,0,0,0,0,0
19.85559,-4.56,0,0,0,0,0
19.90811,-4.56,0,0,0,0,0
19.96005,-4.56,0,0,0,0,0
20.01128,-4.56,0,0,0,0,0
20.06685,-4.56,0,0,0,0,0
20.11869,-4.56,0,0,0,0,0
20.17288,-4.56,0,0,0,0,0
20.22485,-4.56,0,0,0,0,0
20.27642,-4.56,0,0,0,0,0
20.32656,-4.56,0,0,0,0,0
20.37659,-4.56,0,0,0,0,0
20.43112,-4.56,0,0,0,0,0
20.48542,-4.56,0,0,0,0,0
20.5399,-4.56,0,0,0,0,0
20.59497,-4.56,0,0,0,0,0
20.651,-4.56,0,0,0,0,0
20.7014,-4.56,0,0,0,0,0
20.75142,-4.56,0,0,0,0,0
20.8079,-4.56,0,0,0,0,0
20.85844,-4.56,0,0,0,0,0
20.90894,-4.56,0,0,0,0,0
20.96009,-4.56,0,0,0,0,0
21.01123,-4.56,0,0,0,0,0
21.06231,-4.56,0,0,0,0,0
21.11294,-4.56,0,0,0,0,0
21.16445,-4.56,0,0,0,0,0
21.21602,-4.56,0,0,0,0,0
21.27108,-4.56,0,0,0,0,0
21.32147,-4.56,0,0,0,0,0
21.37781,-4.56,0,0,0,0,0
21.42966,-4.56,0,0,0,0,0
21.4798,-4.56,0,0,0,0,0
21.5335,-4.56,0,0,0,0,0
21.58728,-4.56,0,0,0,0,0
21.63861,-4.56,0,0,0,0,0
21.68869,-4.56,0,0,0,0,0
21.7389,-4.56,0,0,0,0,0
21.7889,-4.56,0,0,0,0,0
21.83921,-4.56,0,0,359.1258,0,0
21.88936,-4.56,0,0,357.7584,0,0
21.94032,-4.56,0,0,356.5135,0,0
21.99228,-4.56,0,0,355.7691,0,0
22.04595,-4.56,0,0,356.0225,0,0
22.10063,-4.56,0,0,355.6492,0,0
22.16619,-4.56,0,0,355.6492,0,0
22.22193,-4.56,0,0,355.6492,0,0
22.28269,-4.56,0,0,355.6492,0,0
22.33503,-4.56,0,0,355.8963,0,0
22.38803,-4.56,0,0,357.2805,0,0
22.43822,-4.56,0,0,358.787,0,0
22.48984,-4.56,0,0,359.4136,0,0
22.54222,-4.56,0,0,359.667,0,0
22.59469,-4.56,0,0,359.667,0,0
22.65111,-4.56,0,0,1.427654,0,0
22.70333,-4.56,0,0,3.938749,0,0
22.75539,-4.56,0,0,10.47999,0,0
22.80834,-4.56,0,0,14.00447,0,0
22.85886,-4.56,0,0,15.26309,0,0
22.91114,-4.56,0,0,20.67635,0,0
22.96732,-4.56,0,0,25.96614,0,0
23.02088,-4.56,0,0,27.22477,0,0
23.07282,-4.56,0,0,27.60011,0,0
23.12724,-4.56,0,0,27.60011,0,0
23.18147,-4.56,0,0,27.60011,0,0
23.23228,-4.56,0,0,27.60011,0,0
23.28275,-4.56,0,0,27.60011,0,0
23.33295,-4.56,0,0,27.60011,0,0
23.38306,-4.56,0,0,27.60011,0,0
23.43883,-4.56,0,0,27.60011,0,0
23.4951,-4.56,0,0,27.60011,0,0
23.54989,-4.56,0,0,27.60011,0,0
23.60494,-4.56,0,0,27.60011,0,0
23.66173,-4.56,0,0,27.60011,0,0
23.71235,-4.56,0,0,27.60011,0,0
23.76484,-4.56,0,0,27.60011,0,0
23.81661,-4.56,0,0,27.60011,0,0
23.86859,-4.56,0,0,27.60011,0,0
23.92072,-4.56,0,0,27.60011,0,0
23.97156,-4.56,0,0,27.60011,0,0
24.02197,-4.56,0,0,27.60011,0,0
24.07288,-4.56,0,0,27.60011,0,0
24.12441,-4.56,0,0,27.60011,0,0
24.17522,-4.56,0,0,27.60011,0,0
24.22676,-4.56,0,0,27.60011,0,0
24.27875,-4.56,0,0,27.60011,3.763308E-08,359.7175
24.33435,-4.56,0,0,27.60011,1.806388E-07,357.7327
24.38495,-4.56,0,0,27.60011,8.429807E-07,352.6177
24.44349,-4.56,0,0,27.60011,7.225549E-07,348.6374
24.49481,-4.56,0,0,27.60011,9.634067E-07,341.2493
24.5479,-4.56,0,0,27.60011,1.44511E-06,337.6969
24.59869,-4.56,0,0,27.60011,1.44511E-06,337.269
24.65131,-4.56,0,0,27.60011,1.44511E-06,337.269
24.70569,-4.56,0,0,27.60011,1.44511E-06,337.269
24.76015,-4.56,0,0,27.60011,1.44511E-06,337.269
24.8124,-4.56,0,0,27.60011,1.44511E-06,337.269
24.86285,-4.56,0,0,27.60011,1.44511E-06,337.269
24.91679,-4.56,0,0,27.60011,1.44511E-06,337.269
24.9675,-4.56,0,0,27.60011,1.44511E-06,337.269
25.0186,-4.56,0,0,27.60011,1.44511E-06,337.269
25.07022,-4.56,0,0,27.60011,1.44511E-06,337.269
25.12652,-4.56,0,0,27.60011,1.44511E-06,337.269
25.1787,-4.56,0,0,27.60011,1.44511E-06,337.269
25.23331,-4.56,0,0,27.60011,1.44511E-06,337.269
25.2847,-4.56,0,0,27.60011,1.44511E-06,337.269
25.33603,-4.56,0,0,27.60011,1.44511E-06,337.269
25.39243,-4.56,0,0,27.60011,1.44511E-06,337.269
25.44836,-4.56,0,0,27.60011,1.44511E-06,337.269
25.49839,-4.56,0,0,27.60011,1.44511E-06,337.269
25.55313,-4.56,0,0,27.60011,1.44511E-06,337.269
25.60938,-4.56,0,0,27.60011,1.44511E-06,337.269
25.65953,-4.56,0,0,27.60011,1.44511E-06,337.269
25.71493,-4.56,0,0,27.60011,1.44511E-06,337.269
25.76546,-4.56,0,0,27.60011,1.44511E-06,337.269
25.81601,-4.56,0,0,27.60011,1.44511E-06,337.269
25.86617,-4.56,0,0,27.60011,1.44511E-06,337.269
25.91662,-4.56,0,0,27.60011,1.44511E-06,337.269
25.96723,-4.56,0,0,27.60011,1.44511E-06,337.269
26.01789,-4.56,0,0,27.60011,1.44511E-06,337.269
26.06843,-4.56,0,0,27.60011,1.44511E-06,337.269
26.11949,-4.56,0,0,27.60011,1.44511E-06,337.269
26.17023,-4.56,0,0,27.60011,1.44511E-06,337.269
26.22104,-4.56,0,0,27.60011,1.44511E-06,337.269
26.27255,-4.56,0,0,27.60011,1.44511E-06,337.269
26.32881,-4.56,0,0,27.60011,1.44511E-06,337.269
26.37974,-4.27,0.62,0.32,27.60011,1.44511E-06,337.269
26.43139,-3.36,2.55,1.33,27.60011,1.44511E-06,337.269
26.48743,-3.12,3.04,1.59,27.60011,1.44511E-06,337.269
26.53839,-3.12,3.04,1.59,27.60011,1.44511E-06,337.269
26.58899,-3.12,3.04,1.59,27.60011,1.44511E-06,337.269
26.63997,-3.08,3.12,1.63,27.60011,1.44511E-06,337.269
26.69423,-3.08,3.12,1.63,27.60011,1.44511E-06,337.269
26.7498,-3.05,3.2,1.67,27.60011,1.44511E-06,337.269
26.80188,-3.01,3.28,1.71,27.60011,1.44511E-06,337.269
26.85622,-3.01,3.28,1.71,27.60011,1.44511E-06,337.269
26.90645,-2.97,3.36,1.76,27.60011,1.44511E-06,337.269
26.95964,-2.9,3.51,1.84,27.60011,1.44511E-06,337.269
27.01282,-2.68,3.97,2.07,27.60011,1.44511E-06,337.269
27.08341,-2.31,4.75,2.48,27.60011,1.44511E-06,337.269
27.13811,-1.6,6.26,3.28,27.60011,1.44511E-06,337.269
27.20831,-1.36,6.77,3.54,27.60011,1.44511E-06,337.269
27.26244,-1.26,6.99,3.65,27.60011,1.44511E-06,337.269
27.31717,-1.23,7.04,3.68,27.60011,1.44511E-06,337.269
27.38329,-1.23,7.04,3.68,27.60011,1.44511E-06,337.269
27.43903,-1.21,7.1,3.71,27.60011,1.44511E-06,337.269
27.50678,-1.21,7.1,3.71,27.60011,1.44511E-06,337.269
27.56282,-1.21,7.1,3.71,27.60011,1.44511E-06,337.269
27.61844,-1.21,7.1,3.71,27.60011,1.44511E-06,337.269
27.66867,-1.21,7.1,3.71,27.60011,1.44511E-06,337.269
27.71875,-1.21,7.1,3.71,27.60011,1.44511E-06,337.269
27.76939,-1.21,7.1,3.71,27.60011,1.44511E-06,337.269
27.82083,-1.21,7.1,3.71,27.60011,1.44511E-06,337.269
27.8712,-1.21,7.1,3.71,27.60011,1.44511E-06,337.269
27.92157,-1.21,7.1,3.71,27.60011,1.44511E-06,337.269
27.97158,-1.21,7.1,3.71,27.60011,1.44511E-06,337.269
28.02631,-1.21,7.1,3.71,27.60011,1.44511E-06,337.269
28.08107,-1.21,7.1,3.71,27.60011,1.44511E-06,337.269
28.13685,-1.21,7.1,3.71,27.60011,1.44511E-06,337.269
28.19241,-1.21,7.1,3.71,27.60011,1.44511E-06,337.269
28.24793,-1.21,7.1,3.71,27.60011,1.44511E-06,337.269
28.29805,-1.21,7.1,3.71,27.60011,1.44511E-06,337.269
28.3586,-1.21,7.1,3.71,27.60011,1.44511E-06,337.269
28.41366,-1.21,7.1,3.71,27.60011,1.44511E-06,337.269
28.46552,-1.21,7.1,3.71,27.60011,1.44511E-06,337.269
28.51604,-1.21,7.1,3.71,27.60011,1.44511E-06,337.269
28.56684,-1.21,7.1,3.71,27.60011,1.44511E-06,337.269
28.61733,-1.21,7.1,3.71,27.60011,1.44511E-06,337.269
28.66738,-1.21,7.1,3.71,27.60011,1.44511E-06,337.269
28.71936,-1.21,7.1,3.71,27.60011,1.44511E-06,337.269
28.77192,-1.21,7.1,3.71,27.60011,1.44511E-06,337.269
28.82569,-1.21,7.1,3.71,27.60011,1.44511E-06,337.269
28.88066,-1.21,7.1,3.71,27.60011,1.44511E-06,337.269
28.93403,-1.21,7.1,3.71,27.60011,1.44511E-06,337.269
28.98787,-1.21,7.1,3.71,27.60011,1.44511E-06,337.269
29.0412,-1.21,7.1,3.71,27.60011,1.44511E-06,337.269
29.09319,-1.21,7.1,3.71,27.60011,1.44511E-06,337.269
29.14754,-1.21,7.1,3.71,27.60011,1.44511E-06,337.269
29.20035,-1.21,7.1,3.71,27.60011,1.44511E-06,337.269
29.25127,-1.21,7.1,3.71,27.60011,1.44511E-06,337.269
29.304,-1.21,7.1,3.71,27.60011,1.44511E-06,337.269
29.38347,-1.21,7.1,3.71,27.60011,1.44511E-06,337.269
29.43707,-1.21,7.1,3.71,27.60011,1.44511E-06,337.269
29.49641,-1.21,7.1,3.71,27.60011,1.44511E-06,337.269
29.54678,-1.21,7.1,3.71,27.60011,1.44511E-06,337.269
29.59818,-1.21,7.1,3.71,27.60011,1.44511E-06,337.269
29.64981,-1.21,7.1,3.71,27.60011,1.44511E-06,337.269
29.70638,-1.21,7.1,3.71,27.60011,1.44511E-06,337.269
29.75799,-1.21,7.1,3.71,27.60011,1.44511E-06,337.269
29.81013,-1.21,7.1,3.71,27.60011,1.44511E-06,337.269
29.86334,-1.21,7.1,3.71,27.60011,1.44511E-06,337.269
29.91632,-1.21,7.1,3.71,27.60011,1.44511E-06,337.269
29.96918,-1.21,7.1,3.71,27.60011,1.44511E-06,337.269
30.02158,-1.21,7.1,3.71,27.60011,1.44511E-06,337.269
30.07271,-1.21,7.1,3.71,27.60011,1.44511E-06,337.269
30.12893,-1.21,7.1,3.71,27.60011,1.44511E-06,337.269
30.17908,-1.21,7.1,3.71,27.60011,1.44511E-06,337.269
30.22922,-1.21,7.1,3.71,27.60011,1.44511E-06,337.269
30.27978,-1.21,7.1,3.71,27.60011,1.44511E-06,337.269
30.33444,-1.21,7.1,3.71,27.60011,1.44511E-06,337.269
30.39121,-1.21,7.1,3.71,27.60011,1.44511E-06,337.269
30.44686,-1.21,7.1,3.71,27.60011,1.44511E-06,337.269
30.49699,-1.21,7.1,3.71,27.60011,1.44511E-06,337.269
30.55316,-1.21,7.1,3.71,27.60011,1.44511E-06,337.269
30.60924,-1.21,7.1,3.71,27.60011,1.44511E-06,337.269
30.66407,-1.21,7.1,3.71,27.60011,1.44511E-06,337.269
30.71933,-1.21,7.1,3.71,27.60011,1.44511E-06,337.269
30.77504,-1.21,7.1,3.71,27.60011,1.44511E-06,337.269
30.83067,-1.21,7.1,3.71,27.60011,1.44511E-06,337.269
30.88155,-1.21,7.1,3.71,27.60011,1.44511E-06,337.269
30.93276,-1.21,7.1,3.71,27.60011,1.44511E-06,337.269
30.98284,-0.93,7.7,4.02,27.60011,1.44511E-06,337.269
31.03495,0.06,9.79,5.12,27.60011,1.44511E-06,337.269
31.09122,0.61,10.95,5.72,27.60011,1.44511E-06,337.269
31.1441,0.64,11.01,5.75,27.60011,1.44511E-06,337.269
31.19526,0.64,11.01,5.75,27.60011,1.44511E-06,337.269
31.24588,0.64,11.01,5.75,27.60011,1.44511E-06,337.269
31.29831,0.64,11.01,5.75,27.60011,1.44511E-06,337.269
31.35138,0.64,11.01,5.75,27.60011,1.44511E-06,337.269
31.4056,0.64,11.01,5.75,27.60011,1.44511E-06,337.269
31.46197,0.64,11.01,5.75,27.60011,1.44511E-06,337.269
31.51757,0.64,11.01,5.75,27.60011,1.44511E-06,337.269
31.57369,0.64,11.01,5.75,27.60011,1.44511E-06,337.269
31.62976,0.77,11.29,5.9,27.60011,1.44511E-06,337.269
31.68698,1.16,12.11,6.33,27.60011,1.44511E-06,337.269
31.73825,1.37,12.56,6.57,27.60011,1.44511E-06,337.269
31.80205,1.51,12.86,6.72,27.60011,1.44511E-06,337.269
31.85635,1.67,13.19,6.9,27.60011,1.44511E-06,337.269
31.9096,1.74,13.33,6.97,27.60011,1.44511E-06,337.269
31.95979,1.75,13.36,6.98,27.60011,1.44511E-06,337.269
32.01197,1.75,13.36,6.98,27.60011,1.44511E-06,337.269
32.06691,1.75,13.36,6.98,27.60011,1.44511E-06,337.269
32.12608,1.8,13.47,7.04,27.60011,1.44511E-06,337.269
32.17992,1.85,13.58,7.1,27.60011,1.44511E-06,337.269
32.23293,1.86,13.6,7.11,27.60011,1.44511E-06,337.269
32.2864,1.86,13.6,7.11,27.60011,1.44511E-06,337.269
32.3387,1.86,13.6,7.11,27.60011,1.44511E-06,337.269
32.39122,1.86,13.6,7.11,27.60011,1.44511E-06,337.269
32.44401,1.86,13.6,7.11,27.60011,1.44511E-06,337.269
32.4948,1.86,13.6,7.11,27.60011,1.44511E-06,337.269
32.54535,1.86,13.6,7.11,27.60011,1.44511E-06,337.269
32.59541,1.86,13.6,7.11,27.60011,1.44511E-06,337.269
32.65078,1.86,13.6,7.11,27.60011,1.44511E-06,337.269
32.70596,1.86,13.6,7.11,27.60011,1.44511E-06,337.269
32.76091,1.86,13.6,7.11,27.60011,1.44511E-06,337.269
32.82299,1.86,13.6,7.11,27.60011,1.44511E-06,337.269
32.88616,1.86,13.6,7.11,27.60011,1.44511E-06,337.269
32.94033,1.86,13.6,7.11,27.60011,1.44511E-06,337.269
33.00099,1.86,13.6,7.11,27.60011,1.44511E-06,337.269
33.05455,1.86,13.6,7.11,27.60011,1.44511E-06,337.269
33.10621,1.86,13.6,7.11,27.60011,1.44511E-06,337.269
33.16211,1.86,13.6,7.11,27.60011,1.44511E-06,337.269
33.21238,1.86,13.6,7.11,27.60011,1.44511E-06,337.269
33.26453,1.86,13.6,7.11,27.60011,1.44511E-06,337.269
33.31657,1.86,13.6,7.11,27.60011,1.44511E-06,337.269
33.37347,1.86,13.6,7.11,27.60011,1.44511E-06,337.269
33.42689,1.86,13.6,7.11,27.60011,1.44511E-06,337.269
33.47804,1.86,13.6,7.11,27.60011,1.44511E-06,337.269
33.52885,1.86,13.6,7.11,27.60011,1.44511E-06,337.269
33.58123,1.86,13.6,7.11,27.60011,1.44511E-06,337.269
33.63302,1.86,13.6,7.11,27.60011,1.44511E-06,337.269
33.68414,1.86,13.6,7.11,27.60011,1.44511E-06,337.269
33.73586,1.86,13.6,7.11,27.60011,1.44511E-06,337.269
33.78722,1.86,13.6,7.11,27.60011,1.44511E-06,337.269
33.83971,1.86,13.6,7.11,27.60011,1.44511E-06,337.269
33.88988,1.86,13.6,7.11,27.60011,1.44511E-06,337.269
33.94365,1.86,13.6,7.11,27.60011,1.44511E-06,337.269
33.9939,1.86,13.6,7.11,27.60011,1.44511E-06,337.269
34.04527,1.86,13.6,7.11,27.60011,1.44511E-06,337.269
34.09582,1.86,13.6,7.11,27.60011,1.44511E-06,337.269
34.14607,1.86,13.6,7.11,27.60011,1.44511E-06,337.269
34.19675,1.86,13.6,7.11,27.60011,1.44511E-06,337.269
34.24988,1.86,13.6,7.11,27.60011,1.44511E-06,337.269
34.29994,1.86,13.6,7.11,27.60011,1.44511E-06,337.269
34.35087,1.86,13.6,7.11,27.60011,1.44511E-06,337.269
34.40207,1.86,13.6,7.11,27.60011,1.44511E-06,337.269
34.45255,1.86,13.6,7.11,27.60011,1.44511E-06,337.269
34.50267,1.86,13.6,7.11,27.60011,1.44511E-06,337.269
34.56062,1.86,13.6,7.11,27.60011,1.44511E-06,337.269
34.61106,1.86,13.6,7.11,27.60011,1.44511E-06,337.269
34.66217,1.86,13.6,7.11,27.60011,1.44511E-06,337.269
34.71257,1.86,13.6,7.11,27.60011,1.44511E-06,337.269
34.76287,1.86,13.6,7.11,27.60011,1.44511E-06,337.269
34.81336,1.86,13.6,7.11,27.60011,1.44511E-06,337.269
34.86406,1.86,13.6,7.11,27.60011,1.44511E-06,337.269
34.91547,1.86,13.6,7.11,27.60011,1.44511E-06,337.269
34.96645,1.86,13.6,7.11,27.60011,1.44511E-06,337.269
